{
  "description": "Description",
  "label": "Insert Expression",
  "category": "Misc",
  "icon": {
    "name": "ActionsIcon",
    "color": "Orange"
  },
  "options": [
    {
      "meta": {
        "type": "Model",
        "validations": {
          "required": true
        }
      },
      "name": "model",
      "label": "Import Model",
      "info": "The model you want to import the data into."
    },
    {
      "name": "defaultMapping",
      "label": "Properties and values",
      "info": "Here the expressions needs to be filled in.",
      "meta": {
        "type": "Map"
      }
    },
    {
        "name": "typeMapping",
        "label": "Property and data type",
        "info": "Here the types needs to be filled in per component.",
        "meta": {
            "type":"Map"
        }
    }
  ],
  "yields": "NONE"
}
